id,first_name,last_name,email
1,Bonnie,Williamson,bwilliamson0@goodreads.com
2,Roy,Phillips,rphillips1@sfgate.com
3,Joan,Rose,jrose2@yelp.com
4,Larry,Flores,lflores3@clickbank.net
5,Phyllis,Kelly,pkelly4@admin.ch
6,Michelle,Taylor,mtaylor5@wunderground.com
7,Paul,Cunningham,pcunningham6@weebly.com
8,Anne,Walker,awalker7@craigslist.org
9,Doris,Wilson,dwilson8@dailymail.co.uk
10,Annie,Thomas,athomas9@unblog.fr
11,Terry,Day,tdaya@earthlink.net
12,Ann,Bryant,abryantb@icq.com
13,Helen,Dunn,hdunnc@weebly.com
14,Christina,Rodriguez,crodriguezd@unicef.org
15,Michelle,Hicks,mhickse@wikipedia.org
16,Kevin,Austin,kaustinf@free.fr
17,Phyllis,Arnold,parnoldg@wikipedia.org
18,Angela,Ramos,aramosh@wordpress.com
19,Ryan,King,rkingi@arizona.edu
20,Lawrence,Simmons,lsimmonsj@xing.com
21,Annie,Stephens,astephensk@weibo.com
22,Mark,Coleman,mcolemanl@alibaba.com
23,Bobby,Bishop,bbishopm@netscape.com
24,Jose,Burton,jburtonn@uiuc.edu
25,Gary,Bell,gbello@vimeo.com
26,Jessica,Phillips,jphillipsp@blinklist.com
27,Marie,Gomez,mgomezq@slate.com
28,Lois,Simpson,lsimpsonr@blogger.com
29,Susan,Andrews,sandrewss@sciencedirect.com
30,Sean,Brooks,sbrookst@dagondesign.com
31,Carol,Wallace,cwallaceu@blogspot.com
32,Judy,Mitchell,jmitchellv@ask.com
33,Jeremy,Sims,jsimsw@illinois.edu
34,Billy,Peterson,bpetersonx@php.net
35,Robert,Richardson,rrichardsony@cpanel.net
36,Deborah,Cruz,dcruzz@digg.com
37,Harry,Stewart,hstewart10@latimes.com
38,Angela,Evans,aevans11@sina.com.cn
39,Edward,Young,eyoung12@mediafire.com
40,Amanda,Ramos,aramos13@ocn.ne.jp
41,Ruth,Elliott,relliott14@goodreads.com
42,Jeffrey,Reyes,jreyes15@wsj.com
43,Irene,West,iwest16@yellowbook.com
44,Gloria,Brooks,gbrooks17@wunderground.com
45,Catherine,Edwards,cedwards18@sogou.com
46,Aaron,Duncan,aduncan19@so-net.ne.jp
47,Julia,Boyd,jboyd1a@parallels.com
48,Doris,Carroll,dcarroll1b@opensource.org
49,Keith,Morales,kmorales1c@wisc.edu
50,Melissa,Romero,mromero1d@networksolutions.com
51,Barbara,Kelley,bkelley1e@washingtonpost.com
52,Jennifer,Garrett,jgarrett1f@slashdot.org
53,Harry,Palmer,hpalmer1g@macromedia.com
54,Judith,Greene,jgreene1h@deliciousdays.com
55,Robert,Long,rlong1i@booking.com
56,Jean,Brooks,jbrooks1j@nhs.uk
57,Kimberly,Stone,kstone1k@moonfruit.com
58,Frank,Mccoy,fmccoy1l@about.com
59,Stephen,Robinson,srobinson1m@washington.edu
60,Theresa,Jordan,tjordan1n@princeton.edu
61,Willie,Fox,wfox1o@miitbeian.gov.cn
62,Angela,Woods,awoods1p@360.cn
63,Timothy,Reed,treed1q@buzzfeed.com
64,Carl,Freeman,cfreeman1r@yellowbook.com
65,Cynthia,Gomez,cgomez1s@icq.com
66,Kevin,Morris,kmorris1t@nhs.uk
67,Rose,Murray,rmurray1u@usgs.gov
68,Ryan,Rose,rrose1v@wp.com
69,John,Warren,jwarren1w@bigcartel.com
70,William,Garza,wgarza1x@dropbox.com
71,Howard,Larson,hlarson1y@redcross.org
72,Phyllis,Bailey,pbailey1z@ycombinator.com
73,Jeffrey,Simpson,jsimpson20@wired.com
74,Eric,Gibson,egibson21@symantec.com
75,Katherine,Clark,kclark22@census.gov
76,Deborah,Ryan,dryan23@archive.org
77,Carl,Hawkins,chawkins24@chicagotribune.com
78,Christina,Montgomery,cmontgomery25@latimes.com
79,Jerry,Gomez,jgomez26@craigslist.org
80,Martin,Henderson,mhenderson27@homestead.com
81,Melissa,Harper,mharper28@princeton.edu
82,Kathryn,West,kwest29@is.gd
83,Irene,Powell,ipowell2a@ebay.co.uk
84,Jose,Davis,jdavis2b@gmpg.org
85,Sharon,Owens,sowens2c@moonfruit.com
86,Cheryl,Hughes,chughes2d@gmpg.org
87,Theresa,Martinez,tmartinez2e@census.gov
88,Pamela,Warren,pwarren2f@reddit.com
89,Richard,Andrews,randrews2g@stumbleupon.com
90,Debra,Cooper,dcooper2h@w3.org
91,Johnny,Harrison,jharrison2i@noaa.gov
92,Pamela,Powell,ppowell2j@reuters.com
93,Teresa,Romero,tromero2k@xing.com
94,Jessica,Coleman,jcoleman2l@123-reg.co.uk
95,Andrew,Mills,amills2m@time.com
96,Donald,Bennett,dbennett2n@washingtonpost.com
97,David,Welch,dwelch2o@technorati.com
98,Robert,Perry,rperry2p@ca.gov
99,Douglas,Fisher,dfisher2q@posterous.com
100,Arthur,Ramirez,aramirez2r@vimeo.com
